KT919764.1	𝝼.2.2
LC751798.1	𝝼.2.3
OR168504.1	𝝼.2.1
PX661131.1	𝝼.8.2
PV730268.1	𝝼.2.2
LC876193.1	𝝼.2.2
KF835960.1	𝝼.38
KP882172.1	𝝼.2.2
KX274558.1	𝝼.2.1
EU760696.1	𝝼.2.2
LC751831.1	𝝼.2.1
HQ392353.1	𝝼.2.2
OQ201533.1	𝝼.2.1
MZ065847.1	𝝼.2.2
KF371989.1	𝝼.2.2
PP848667.1	𝝼.2.1
KP007178.1	𝝼.2.1
OR168461.1	𝝼.2.1
MN479796.1	𝝼.2.2
KJ454650.1	𝝼.2.2
MK379193.1	𝝼.3.32
LC002026.1	𝝼.2.1
KC175025.1	𝝼.2.4
EU708909.1	𝝼.19.7
MZ095166.1	𝝼.2.1
MH238131.1	𝝼.68.7
JN831206.1	𝝼.4.11
KJ482312.1	𝝼.24.59
OP717965.1	𝝼.2.1
X81437.1	𝝼.2.14
HM348726.1	𝝼.28
PQ323312.1	𝝼.3.47
KC113256.1	𝝼.25.2
LC876128.1	𝝼.3.6
PP861983.1	𝝼.2.3
OQ440170.1	𝝼.87
MZ095133.1	𝝼.2.5
MH301186.1	𝝼.2.5
PX137366.1	𝝼.25.9
MN479809.1	𝝼.2.3
MK272875.1	𝝼.55.1
PQ452930.1	𝝼.3.60
MG407653.1	𝝼.3.5
GQ225804.1	𝝼.24.1
ON992658.1	𝝼.2.3
OP950159.1	𝝼.10.6
MW387170.1	𝝼.2.3
ON092390.1	𝝼.9.10
OQ061053.1	𝝼.2.3
FJ947777.1	𝝼.18.1
MN479805.1	𝝼.4.4
MW384250.1	𝝼.2.3
FJ206187.1	𝝼.15.1
OR192585.1	𝝼.23.2
LC477607.1	𝝼.2.3
MK302415.1	𝝼.9.24
JF712563.1	𝝼.29
JQ423899.1	𝝼.9.25
MT655946.1	𝝼.11.1
JQ715672.1	𝝼.14.6
PX211758.1	𝝼.2.28
KJ626879.1	𝝼.2.5
PV288447.1	𝝼.2.3
ON992669.1	𝝼.2.3
KJ752479.1	𝝼.24.11
OM982786.1	𝝼.42.4
JN605456.1	𝝼.2.5
MH428509.1	𝝼.3.44
KJ482309.1	𝝼.24.63
PP669532.1	𝝼.24.3
KC986970.1	𝝼.8.5
HQ392112.1	𝝼.2.5
LC777997.1	𝝼.66
LC328199.1	𝝼.14.2
KJ559050.1	𝝼.2.5
AF541920.1	𝝼.9.6
OK651113.1	𝝼.78
KP752956.1	𝝼.44
JX040430.1	𝝼.8.20
PP645805.1	𝝼.8.1
AB748600.1	𝝼.4.4
KY053216.1	𝝼.24.33
KJ753137.1	𝝼.24.45
MH428520.1	𝝼.3.29
OM450952.1	𝝼.3.71
GQ496259.1	𝝼.24.1
PP669510.1	𝝼.24.3
PP669432.1	𝝼.24.3
LC765804.1	𝝼.3.5
JN831217.1	𝝼.16.1
FJ947909.1	𝝼.18.1
KX024675.1	𝝼.16.3
MT226640.1	𝝼.10.6
KU243457.1	𝝼.49
JX402798.1	𝝼.4.4
PZ135633.1	𝝼.8.1
MH428515.1	𝝼.71
PQ299938.1	𝝼.24.15
LC000541.1	𝝼.57
KU508377.1	𝝼.51
LC776511.1	𝝼.25.6
KU740016.1	𝝼.9.9
GU384197.1	𝝼.20.3
KR052754.1	𝝼.15.1
MZ094924.1	𝝼.2.5
KJ919025.1	𝝼.14.1
HQ846860.1	𝝼.10.6
PQ299960.1	𝝼.86.1
MN649770.1	𝝼.4.16
PQ736903.1	𝝼.9.17
FJ206226.1	𝝼.15.1
KC175189.1	𝝼.2.4
LC467831.1	𝝼.6.3
KJ559342.1	𝝼.2.5
KJ482318.1	𝝼.24.23
KC174896.1	𝝼.2.4
KJ482313.1	𝝼.24.57
LC467820.1	𝝼.6.3
KX632328.1	𝝼.2.5
PX137417.1	𝝼.3.34
LC600817.1	𝝼.24.34
JX290174.1	𝝼.25.2
MH428510.1	𝝼.3.20
KP752750.1	𝝼.2.5
KX212882.1	𝝼.4.4
ON221579.1	𝝼.39.7
FJ206189.1	𝝼.15.1
LC876095.1	𝝼.3.6
KC175167.1	𝝼.2.4
KJ482325.1	𝝼.15.3
JN626230.1	𝝼.8.7
PQ299949.1	𝝼.36.3
JF990835.1	𝝼.24.1
LC875985.1	𝝼.25.10
MN190003.1	𝝼.11.1
MH769716.1	𝝼.11.1
AY065843.1	𝝼.11.1
KJ482316.1	𝝼.24.36
FJ816613.1	𝝼.22.2
OR192596.1	𝝼.23.2
KM026671.1	𝝼.2.11
KJ482300.1	𝝼.24.9
GQ496293.1	𝝼.24.1
MH428504.1	𝝼.3.14
KT887528.1	𝝼.4.38
MT784847.1	𝝼.3.5
LC133522.1	𝝼.8.22
KJ482319.1	𝝼.24.58
MZ065712.1	𝝼.4.4
AB908953.1	𝝼.6.1
OR501095.1	𝝼.13.1
KC175069.1	𝝼.2.4
OP718296.1	𝝼.3.94
PP874434.1	𝝼.24.44
JF421983.1	𝝼.14.1
KC815666.1	𝝼.4.4
OQ440179.1	𝝼.88
MT364843.1	𝝼.59.1
KJ482303.1	𝝼.24.9
FB744513.1	𝝼.11.1
FJ206169.1	𝝼.15.1
KC175080.1	𝝼.2.4
ON807576.1	𝝼.83
MH308724.1	𝝼.24.49
MH238137.1	𝝼.68.3
MN479890.1	𝝼.2.9
LC765815.1	𝝼.3.6
PP669477.1	𝝼.24.3
MN523684.1	𝝼.11.1
PP855869.1	𝝼.39.2
MT025900.1	𝝼.15.5
KU363140.1	𝝼.3.58
KJ482320.1	𝝼.24.6
AB748599.1	𝝼.4.4
MH769729.1	𝝼.8.4
HM348725.1	𝝼.27
LC876117.1	𝝼.3.17
OR683343.1	𝝼.3.56
PX941924.1	𝝼.4.4
KC174918.1	𝝼.2.4
FJ947920.1	𝝼.18.1
LC061632.1	𝝼.58
EF672593.1	𝝼.2.17
PZ512709.1	𝝼.25.5
LC328257.1	𝝼.14.2
KP752853.1	𝝼.24.11
LC777986.1	𝝼.3.45
PV418653.1	𝝼.59.1
KC175222.1	𝝼.2.4
OL988978.1	𝝼.4.4
OQ603394.1	𝝼.20.1
KJ940159.1	𝝼.16.6
KX363341.1	𝝼.3.5
NC_011501.2	𝝼.11.1
JQ309143.1	𝝼.15.9
JQ031146.1	𝝼.20.1
PQ299927.1	𝝼.36.1
MF940627.1	𝝼.3.24
AB779645.1	𝝼.3.73
KJ412863.1	𝝼.13.2
KP006512.1	𝝼.4.4
OL989014.1	𝝼.24.14
JF896473.1	𝝼.11.1
PV804786.1	𝝼.3.52
EU542718.1	𝝼.15.1
MK597968.1	𝝼.25.15
KC580105.1	𝝼.18.1
PX353006.1	𝝼.25.13
MN528112.1	𝝼.79
JX027885.1	𝝼.9.3
LC810894.1	𝝼.15.5
KM820679.1	𝝼.42.2
PX941617.1	𝝼.8.1
KC579925.1	𝝼.18.1
ON807583.1	𝝼.85
MT025879.1	𝝼.18.1
PV368527.1	𝝼.20.5
PX137452.1	𝝼.3.4
PQ300022.1	𝝼.24.13
ON012982.1	𝝼.20.4
GQ225801.1	𝝼.24.1
PQ299845.1	𝝼.91.2
KU739909.1	𝝼.9.9
MW771181.1	𝝼.16.1
HM363562.1	𝝼.8.7
MT163187.1	𝝼.2.18
LC810905.1	𝝼.24.1
PP235804.1	𝝼.15.1
OR683321.1	𝝼.3.3
KU739924.1	𝝼.9.9
HM773904.1	𝝼.18.1
MW720864.1	𝝼.39.5
LC095940.1	𝝼.3.5
MT025878.1	𝝼.18.1
PX137508.1	𝝼.3.4
KJ482314.1	𝝼.24.6
KC174982.1	𝝼.2.4
KX988272.1	𝝼.55.2
LC776486.1	𝝼.3.45
KJ482301.1	𝝼.40
KC175091.1	𝝼.2.4
JF693043.1	𝝼.4.35
GU199500.1	𝝼.2.6
FJ947203.1	𝝼.9.13
LC875996.1	𝝼.25.3
KX363287.1	𝝼.3.5
LC876150.1	𝝼.9.5
JQ687099.1	𝝼.11.1
LC704659.1	𝝼.62.1
KJ412617.1	𝝼.10.5
PX848836.1	𝝼.99
MW575225.1	𝝼.3.88
FJ206191.1	𝝼.15.1
MF940735.1	𝝼.15.1
JF796709.1	𝝼.3.24
PQ349608.1	𝝼.6.1
KC579660.1	𝝼.18.2
KF907262.1	𝝼.13.2
PX941569.1	𝝼.3.4
JQ069266.1	𝝼.9.3
PX828335.1	𝝼.3.75
KU243458.1	𝝼.49
LC777974.1	𝝼.3.37
LC876171.1	𝝼.3.6
PX551877.1	𝝼.4.13
KJ482315.1	𝝼.4.41
KC579865.1	𝝼.18.1
HQ661131.1	𝝼.19.13
PQ678250.1	𝝼.92
PV553518.1	𝝼.11.4
PV500794.1	𝝼.15.1
KU740024.1	𝝼.9.23
OR644652.1	𝝼.3.80
PV418632.1	𝝼.59.1
MW771126.1	𝝼.4.29
PX137335.1	𝝼.94
MT796874.1	𝝼.2.9
OM212047.1	𝝼.20.5
MH428523.1	𝝼.3.29
KF041437.1	𝝼.9.15
KC610697.1	𝝼.3.48
KJ820855.1	𝝼.14.2
EF990689.1	𝝼.15.11
JX683639.1	𝝼.14.2
FN665695.1	𝝼.8.14
MH238142.1	𝝼.68.1
KP753059.1	𝝼.3.65
MH238138.1	𝝼.68.3
FJ947434.1	𝝼.18.1
PP991497.1	𝝼.20.3
KJ482326.1	𝝼.15.3
OQ440219.1	𝝼.24.55
PQ332968.1	𝝼.20.5
KU243453.1	𝝼.50
HM348727.1	𝝼.2.30
MH785430.1	𝝼.72
LC776534.1	𝝼.24.27
EF672558.1	𝝼.17
EF672579.1	𝝼.2.9
KY055424.1	𝝼.56
AB971768.1	𝝼.7
MG781049.1	𝝼.3.67
MK953578.1	𝝼.2.26
MN649767.1	𝝼.4.36
LC880285.1	𝝼.67
KR632628.1	𝝼.24.39
ON676177.1	𝝼.3.33
JX070054.1	𝝼.4.21
KY937200.1	𝝼.3.12
LC810927.1	𝝼.4.9
OL988942.1	𝝼.16.4
EF554156.1	𝝼.16.3
MK936382.1	𝝼.68.2
ON736965.1	𝝼.24.54
MH238125.1	𝝼.68.2
LC433804.1	𝝼.2.6
AB908942.1	𝝼.6.1
KJ501690.1	𝝼.2.6
LC460423.1	𝝼.4.28
OQ440167.1	𝝼.24.18
JF796698.1	𝝼.3.24
KJ482311.1	𝝼.15.3
K02170.1	𝝼.24.1
PP987328.1	𝝼.8.8
KX363418.1	𝝼.3.5
EU708942.1	𝝼.19.1
MK606447.1	𝝼.25.15
PV650039.1	𝝼.14.1
LC776499.1	𝝼.64
KC815688.1	𝝼.6.2
ON737648.1	𝝼.4.18
FJ947192.1	𝝼.9.13
OM362101.1	𝝼.25.8
KC412037.1	𝝼.24.52
GQ496225.1	𝝼.24.1
DQ205228.1	𝝼.12.2
PP874459.1	𝝼.3.11
ON059882.1	𝝼.82
KY426805.1	𝝼.4.30
PX941811.1	𝝼.8.1
EU520415.1	𝝼.11.2
LC834035.1	𝝼.4.34
MT655945.1	𝝼.11.1
HQ834204.1	𝝼.20.1
AB770160.1	𝝼.3.77
MH428518.1	𝝼.31.8
PV804797.1	𝝼.3.78
KF371738.1	𝝼.9.3
GQ225802.1	𝝼.24.1
KR262155.1	𝝼.9.3
KJ482317.1	𝝼.24.7
MT234359.1	𝝼.4.11
KC960627.1	𝝼.33
KF035104.1	𝝼.34
LC875963.1	𝝼.25.1
KF500516.1	𝝼.15.2
KU361015.1	𝝼.30.2
KJ412674.1	𝝼.10.5
OP947216.1	𝝼.22.1
MW771203.1	𝝼.16.1
JF693165.1	𝝼.24.1
MH238127.1	𝝼.68.5
ON205951.1	𝝼.19.10
KJ412879.1	𝝼.10.5
MH238126.1	𝝼.68.1
MH829061.1	𝝼.9.3
DQ490535.1	𝝼.14.2
PQ300003.1	𝝼.91.1
MN067441.1	𝝼.4.42
KF835958.1	𝝼.24.19
PX661128.1	𝝼.8.2
MK953569.1	𝝼.2.26
MN528083.1	𝝼.79
OM982743.1	𝝼.24.25
JF796720.1	𝝼.3.24
LC876259.1	𝝼.25.4
LC776498.1	𝝼.25.6
KP753058.1	𝝼.24.56
KU739914.1	𝝼.9.9
KJ412718.1	𝝼.13.2
MN836377.1	𝝼.2.14
MN528097.1	𝝼.79
PQ299859.1	𝝼.91.2
KJ482322.1	𝝼.15.3
LC776556.1	𝝼.3.90
MN102371.1	𝝼.31.4
KJ482310.1	𝝼.15.3
OM982732.1	𝝼.24.25
LC467908.1	𝝼.6.1
LC467864.1	𝝼.6.1
PX952663.1	𝝼.4.32
PX137274.1	𝝼.25.16
KC579911.1	𝝼.2.24
LC438932.1	𝝼.10.6
JX442782.1	𝝼.8.9
JN872873.1	𝝼.30.1
KP753002.1	𝝼.24.47
MN649766.1	𝝼.1.3
KC412038.1	𝝼.23.4
MW771170.1	𝝼.16.1
PP255817.1	𝝼.3.2
PX137288.1	𝝼.25.16
KR106158.1	𝝼.47
OM450986.1	𝝼.13.3
KJ412838.1	𝝼.13.2
MH697643.1	𝝼.25.2
MH898995.1	𝝼.3.43
LC328252.1	𝝼.19.3
PX661133.1	𝝼.8.2
JN129013.1	𝝼.24.12
KJ020889.1	𝝼.39.1
JF804997.1	𝝼.19.2
LC875876.1	𝝼.9.22
PQ368755.1	𝝼.8.24
KM820675.1	𝝼.31.7
LC213882.1	𝝼.2.29
KP198644.1	𝝼.16.3
MN649765.1	𝝼.4.13
KF835953.1	𝝼.24.35
ON059853.1	𝝼.82
PX711373.1	𝝼.25.5
HQ846849.1	𝝼.10.6
MH428521.1	𝝼.3.95
KC855057.1	𝝼.24.9
KX363440.1	𝝼.25.10
LC460240.1	𝝼.6.1
KU739964.1	𝝼.9.9
KR052722.1	𝝼.15.8
OR168459.1	𝝼.8.6
PP669385.1	𝝼.24.3
PP025962.1	𝝼.25.12
MN029112.1	𝝼.4.2
JX036373.1	𝝼.10.3
PQ141603.1	𝝼.3.19
MK272879.1	𝝼.2.17
EF672621.1	𝝼.2.14
KT887539.1	𝝼.21.3
LC213827.1	𝝼.2.29
KJ482306.1	𝝼.15.3
MH308725.1	𝝼.15.4
EF672565.1	𝝼.4.39
KX632350.1	𝝼.2.31
EU753969.1	𝝼.9.16
OQ440210.1	𝝼.89
AF338248.1	𝝼.2.40
MH829127.1	𝝼.9.3
OR501106.1	𝝼.13.1
PX448534.1	𝝼.95
LC328254.1	𝝼.19.4
OR168458.1	𝝼.8.5
LC095896.1	𝝼.3.30
MW771159.1	𝝼.16.1
PX137187.1	𝝼.9.20
MH624170.1	𝝼.3.19
OR168460.1	𝝼.2.12
MH428514.1	𝝼.3.89
AB908920.1	𝝼.6.1
KJ870908.1	𝝼.31.6
MH238144.1	𝝼.70
OQ440193.1	𝝼.24.18
PQ299883.1	𝝼.89
KM393175.1	𝝼.24.51
ON205949.1	𝝼.19.6
ON092385.1	𝝼.9.10
KX988283.1	𝝼.55.2
KX024686.1	𝝼.16.3
KY113328.1	𝝼.20.1
OR911932.1	𝝼.25.20
OP886870.1	𝝼.3.10
MH238132.1	𝝼.68.2
MT876636.1	𝝼.3.19
ON807577.1	𝝼.84
EF554101.1	𝝼.4.15
MZ097304.1	𝝼.8.11
JF804986.1	𝝼.19.9
PQ384410.1	𝝼.25.7
KX363323.1	𝝼.3.5
MH238136.1	𝝼.68.2
PX940875.1	𝝼.8.1
MZ848157.1	𝝼.4.5
LC433782.1	𝝼.9.7
MG781039.1	𝝼.3.85
MZ097282.1	𝝼.8.11
LC133577.1	𝝼.16.7
PP669455.1	𝝼.24.3
OM982721.1	𝝼.24.38
KC815700.1	𝝼.6.2
OL388438.1	𝝼.13.1
MH428517.1	𝝼.3.40
AB908909.1	𝝼.6.1
LC569899.1	𝝼.3.91
EF554134.1	𝝼.4.17
KJ412528.1	𝝼.13.2
AB741657.1	𝝼.3.13
KJ626543.1	𝝼.13.2
LC367322.1	𝝼.16.5
AB972864.1	𝝼.4.22
MH910082.1	𝝼.3.43
MH428522.1	𝝼.3.29
EF554123.1	𝝼.16.3
HM348724.1	𝝼.9.4
MH910071.1	𝝼.73
MH238135.1	𝝼.68.2
EU708920.1	𝝼.19.8
JQ863317.1	𝝼.17
MN529947.1	𝝼.9.14
JN831228.1	𝝼.4.11
OR267165.1	𝝼.14.1
KJ820844.1	𝝼.2.17
KC149936.1	𝝼.25.14
JF720880.1	𝝼.8.4
OQ440232.1	𝝼.24.55
KX362697.1	𝝼.24.46
PQ300014.1	𝝼.24.62
OM105042.1	𝝼.3.66
MT226651.1	𝝼.10.6
MH697632.1	𝝼.25.2
PX137263.1	𝝼.3.6
EF554112.1	𝝼.8.25
EU708898.1	𝝼.19.12
JX307625.1	𝝼.2.39
KC257088.1	𝝼.4.23
KJ412816.1	𝝼.10.5
KJ820866.1	𝝼.14.2
MK410291.1	𝝼.25.19
OM982803.1	𝝼.24.26
MN649762.1	𝝼.4.16
MN066872.1	𝝼.8.18
LC876073.1	𝝼.3.6
PX661132.1	𝝼.16.2
MH428500.1	𝝼.3.64
EF136660.1	𝝼.2.9
MN556672.1	𝝼.24.61
PV631383.1	𝝼.9.27
KT879000.1	𝝼.48
JN903511.2	𝝼.6.2
HG513051.1	𝝼.3.5
PP669521.1	𝝼.24.3
KJ412794.1	𝝼.10.5
PX677606.1	𝝼.98
HM113522.1	𝝼.8.13
KF835954.1	𝝼.35
EU934821.1	𝝼.11.2
AB853898.1	𝝼.4.33
LC684240.1	𝝼.2.9
PX137377.1	𝝼.25.9
PQ732197.1	𝝼.3.55
LC777936.1	𝝼.3.61
KC855059.1	𝝼.24.40
LC704648.1	𝝼.62.1
PX137441.1	𝝼.3.34
AY065842.1	𝝼.10.6
OR338253.1	𝝼.2.32
LC776522.1	𝝼.24.50
LC328256.1	𝝼.14.2
KM820680.1	𝝼.24.37
PP874412.1	𝝼.24.17
OK651112.1	𝝼.78
MK250432.1	𝝼.8.1
KJ412561.1	𝝼.24.20
JX271009.1	𝝼.4.26
GU296414.1	𝝼.4.8
PV026138.1	𝝼.3.35
OR683288.1	𝝼.3.3
MH267278.1	𝝼.24.49
LC576616.1	𝝼.61
MH428506.1	𝝼.3.14
LC876062.1	𝝼.25.3
AB779644.1	𝝼.5
PX137320.1	𝝼.3.7
JX094036.1	𝝼.4.1
KX880444.1	𝝼.14.1
KJ752057.1	𝝼.16.1
PP391047.1	𝝼.3.39
PP025594.1	𝝼.13.2
LC777947.1	𝝼.65
JF805007.1	𝝼.15.2
MW720875.1	𝝼.39.5
KP258406.1	𝝼.43
JQ715668.1	𝝼.23.3
PQ581890.1	𝝼.90.1
MK936383.1	𝝼.68.2
MN477244.1	𝝼.78
HM627550.1	𝝼.4.24
KX814929.1	𝝼.54
PV244039.1	𝝼.8.1
LC133544.1	𝝼.4.22
MH428502.1	𝝼.3.98
PV164614.1	𝝼.3.96
KJ482323.1	𝝼.24.6
KJ187596.1	𝝼.14.4
KP752763.1	𝝼.24.11
DQ146697.1	𝝼.2.17
JF796731.1	𝝼.3.92
LC095885.1	𝝼.3.6
KJ482321.1	𝝼.24.6
MH238128.1	𝝼.68.5
LC190494.1	𝝼.3.74
KJ820911.1	𝝼.14.2
KF726074.1	𝝼.3.19
JQ715671.1	𝝼.23.1
MN029134.1	𝝼.2.23
KJ820888.1	𝝼.2.17
JN706638.1	𝝼.9.3
PQ299993.1	𝝼.24.5
OR127194.1	𝝼.3.7
MW771115.1	𝝼.4.29
OQ117397.1	𝝼.10.6
LC776545.1	𝝼.3.9
MH238124.1	𝝼.69.1
PQ811728.1	𝝼.3.86
MK936386.1	𝝼.76
JF712574.1	𝝼.30.1
ON012971.1	𝝼.20.4
KR052743.1	𝝼.15.5
MN649769.1	𝝼.4.13
KJ412572.1	𝝼.13.2
ON191604.1	𝝼.14.1
MK947096.1	𝝼.77
FJ947401.1	𝝼.9.13
KM026726.1	𝝼.14.2
KM454511.1	𝝼.6.1
PX677588.1	𝝼.96
X81425.1	𝝼.17
KU317463.1	𝝼.8.13
EU708931.1	𝝼.19.5
MH428519.1	𝝼.3.83
KC580139.1	𝝼.2.24
KX363386.1	𝝼.24.22
AB908931.1	𝝼.6.1
AB753492.1	𝝼.2.38
ON737295.1	𝝼.14.1
MW771137.1	𝝼.4.29
KY055435.1	𝝼.8.16
HQ650122.1	𝝼.2.9
FJ347108.1	𝝼.4.13
MT784852.1	𝝼.3.5
OR683376.1	𝝼.3.3
KU361016.1	𝝼.30.2
GU199196.1	𝝼.3.41
LC876281.1	𝝼.25.4
KF835959.1	𝝼.24.32
OM982766.1	𝝼.24.53
MH697621.1	𝝼.25.2
LC569888.1	𝝼.60
KF726041.1	𝝼.9.19
KP198655.1	𝝼.8.23
ON807584.1	𝝼.85
MH428516.1	𝝼.3.29
MN539292.1	𝝼.10.3
PX137172.1	𝝼.31.3
JF521467.1	𝝼.9.2
MK936385.1	𝝼.68.4
X81435.1	𝝼.2.22
PX137397.1	𝝼.90.3
KM026670.1	𝝼.2.11
MT364865.1	𝝼.13.4
KJ820833.1	𝝼.14.2
PX137235.1	𝝼.3.27
MK227406.1	𝝼.74
MT025901.1	𝝼.15.5
PQ299982.1	𝝼.24.41
FJ031021.1	𝝼.20.1
MH238129.1	𝝼.68.2
MN479901.1	𝝼.2.9
PP669421.1	𝝼.24.3
MH828915.1	𝝼.9.3
MN479799.1	𝝼.2.7
KC443584.1	𝝼.2.9
JX442794.1	𝝼.8.26
KU361013.1	𝝼.30.2
MN066953.1	𝝼.8.6
KC579528.1	𝝼.2.24
KU243452.1	𝝼.10.4
LC777973.1	𝝼.64
OP946897.1	𝝼.9.21
PX352995.1	𝝼.25.5
KX814950.1	𝝼.52.2
GU827414.1	𝝼.14.1
PZ347303.1	𝝼.9.29
PP384136.1	𝝼.9.12
LC776475.1	𝝼.63
PQ299894.1	𝝼.24.65
KF577846.1	𝝼.4.7
LC875908.1	𝝼.25.3
LC433793.1	𝝼.2.6
KU708264.1	𝝼.4.31
KF729030.1	𝝼.10.5
GU199518.1	𝝼.26
PX677659.1	𝝼.24.48
MK272877.1	𝝼.31.5
PP453592.1	𝝼.6.4
PP874445.1	𝝼.31.9
MN551606.1	𝝼.80
JF304934.1	𝝼.2.17
KF636253.1	𝝼.16.1
JN104625.1	𝝼.3.46
PQ141613.1	𝝼.3.45
PX313703.1	𝝼.4.40
MK751430.1	𝝼.10.1
PX942199.1	𝝼.102
EF990697.1	𝝼.15.7
ON711392.1	𝝼.20.6
FJ947379.1	𝝼.9.13
PQ638348.1	𝝼.9.26
HM627561.1	𝝼.11.3
MH428501.1	𝝼.3.28
EU636930.1	𝝼.10.6
PX137388.1	𝝼.25.9
OM450963.1	𝝼.3.71
LC133566.1	𝝼.4.43
ON092386.1	𝝼.3.36
KC152921.1	𝝼.14.1
KP753119.1	𝝼.3.76
AB779643.1	𝝼.3.73
MF462318.1	𝝼.3.21
LC095907.1	𝝼.25.3
EF554145.1	𝝼.16.3
JN258402.1	𝝼.2.29
JN104617.1	𝝼.3.53
LC875886.1	𝝼.3.6
KU361014.1	𝝼.30.2
FJ947744.1	𝝼.9.13
PX942196.1	𝝼.101
GU296415.1	𝝼.4.19
PX137478.1	𝝼.3.4
KC610686.1	𝝼.24.21
KP752762.1	𝝼.3.87
PQ724864.1	𝝼.3.19
MG214334.1	𝝼.16.3
PP669488.1	𝝼.24.3
PZ239902.1	𝝼.9.11
LC876161.1	𝝼.3.6
PV730269.1	𝝼.2.19
LC553614.1	𝝼.4.9
KY077648.1	𝝼.24.10
PQ332913.1	𝝼.20.2
KC140595.1	𝝼.2.6
FJ947346.1	𝝼.9.13
MT276811.1	𝝼.15.2
PV989702.1	𝝼.14.1
KU962136.1	𝝼.4.13
OP971572.1	𝝼.24.31
JQ004978.1	𝝼.20.1
JQ358772.1	𝝼.11.5
PQ299916.1	𝝼.24.18
ON807586.1	𝝼.85
KJ751919.1	𝝼.16.1
GQ428138.1	𝝼.4.30
LC553603.1	𝝼.4.9
PX868893.1	𝝼.52.1
MT163209.1	𝝼.2.15
PP869346.1	𝝼.3.10
PP991486.1	𝝼.20.5
PP855875.1	𝝼.39.3
OR756392.1	𝝼.2.34
JF521478.1	𝝼.9.2
JX040431.1	𝝼.2.21
X81433.1	𝝼.2.27
PP408166.1	𝝼.8.1
MT501460.1	𝝼.8.9
KF185101.1	𝝼.30.2
PX975492.1	𝝼.3.15
KP752955.1	𝝼.24.11
OR756393.1	𝝼.3.6
PX137428.1	𝝼.3.34
PQ724871.1	𝝼.3.19
ON807581.1	𝝼.85
ON092388.1	𝝼.3.36
PX056331.1	𝝼.3.8
HQ661120.1	𝝼.19.1
AB022771.1	𝝼.2.22
EF990693.1	𝝼.15.11
OR501084.1	𝝼.39.6
AY740733.1	𝝼.12.1
MH238141.1	𝝼.68.1
LC876051.1	𝝼.25.3
MT784854.1	𝝼.24.29
FJ495132.1	𝝼.16.1
PP669444.1	𝝼.24.3
MN029123.1	𝝼.2.37
JQ715670.1	𝝼.24.67
MH238134.1	𝝼.68.9
MK376889.1	𝝼.8.10
OR683354.1	𝝼.3.56
PX677617.1	𝝼.98
JX416216.1	𝝼.2.10
MW771192.1	𝝼.16.1
KJ482324.1	𝝼.15.10
MN528098.1	𝝼.78
LC727733.1	𝝼.1.4
LC061633.1	𝝼.57
OR683299.1	𝝼.3.3
LC875865.1	𝝼.25.10
OM982754.1	𝝼.36.5
KC610708.1	𝝼.3.38
EF990705.1	𝝼.4.25
PQ299831.1	𝝼.36.3
PP115434.1	𝝼.8.1
KP753118.1	𝝼.3.49
KX363353.1	𝝼.24.22
X81426.1	𝝼.10.6
MK936384.1	𝝼.75
KU363139.1	𝝼.3.68
PV418621.1	𝝼.59.1
KU361011.1	𝝼.30.2
KT935483.1	𝝼.30.3
LC727984.1	𝝼.4.40
MT364854.1	𝝼.59.1
KU292538.1	𝝼.8.3
OM982709.1	𝝼.24.38
OR683365.1	𝝼.3.3
MK272876.1	𝝼.55.1
KJ626949.1	𝝼.13.2
PP645806.1	𝝼.8.1
MN529946.1	𝝼.9.14
MH137272.1	𝝼.3.19
PQ299905.1	𝝼.86.1
MH785439.1	𝝼.72
KF835955.1	𝝼.36.4
KJ412849.1	𝝼.10.5
ON059879.1	𝝼.82
PX677626.1	𝝼.24.30
ON059881.1	𝝼.82
LC133533.1	𝝼.8.22
LC704670.1	𝝼.62.2
PP465002.1	𝝼.4.3
PQ299872.1	𝝼.91.2
JQ715669.1	𝝼.2.17
JX442772.1	𝝼.8.9
PV863441.1	𝝼.6.2
KJ412903.1	𝝼.10.5
GU937885.1	𝝼.8.4
KU739944.1	𝝼.9.1
LC876106.1	𝝼.9.28
AB924092.1	𝝼.3.84
KR052732.1	𝝼.46
OR683310.1	𝝼.3.3
FJ947258.1	𝝼.9.13
PX661130.1	𝝼.8.12
KY053151.1	𝝼.24.33
MN649763.1	𝝼.4.37
OP963642.1	𝝼.10.7
OQ333054.1	𝝼.86.2
AB779642.1	𝝼.3.73
KC579561.1	𝝼.2.8
KJ482304.1	𝝼.24.64
MH428513.1	𝝼.3.46
KJ482305.1	𝝼.24.6
PQ141623.1	𝝼.3.45
MG781060.1	𝝼.3.58
MG181708.1	𝝼.55.2
KF835957.1	𝝼.24.8
PP991475.1	𝝼.20.1
KJ412595.1	𝝼.13.2
KM026669.1	𝝼.2.11
MH428512.1	𝝼.3.93
MH428503.1	𝝼.3.69
OQ440184.1	𝝼.24.43
LC875854.1	𝝼.3.99
MN479754.1	𝝼.2.35
LC876270.1	𝝼.25.4
KU356637.1	𝝼.2.20
JX416209.1	𝝼.2.10
PX941964.1	𝝼.100
LC875952.1	𝝼.25.3
KU243433.1	𝝼.49
LC095962.1	𝝼.20.3
PX677648.1	𝝼.36.2
LC328253.1	𝝼.19.4
JQ087453.1	𝝼.9.3
ON377045.1	𝝼.10.2
KU597752.1	𝝼.52.3
PP874423.1	𝝼.24.17
PQ822050.1	𝝼.43
MZ848158.1	𝝼.81
PX677597.1	𝝼.97
ON092389.1	𝝼.9.10
PV076100.1	𝝼.93
MW292237.1	𝝼.1.5
MW331510.1	𝝼.9.3
MH700490.1	𝝼.3.57
PP025951.1	𝝼.25.12
KP752920.1	𝝼.44
MW280868.1	𝝼.14.5
AB924103.1	𝝼.3.31
PP457640.1	𝝼.4.6
MK272871.1	𝝼.19.11
PX137200.1	𝝼.9.20
PX137493.1	𝝼.3.4
JQ713650.1	𝝼.14.3
JN706621.1	𝝼.10.5
KP752919.1	𝝼.24.66
MH428511.1	𝝼.3.51
KU714452.1	𝝼.8.19
OM450972.1	𝝼.13.3
PX137407.1	𝝼.3.82
KX778618.1	𝝼.53
KP882480.1	𝝼.4.28
MW752844.1	𝝼.1.6
GU189557.1	𝝼.25.11
OR232957.1	𝝼.3.42
PX711384.1	𝝼.25.13
KT281126.1	𝝼.1.1
PX137465.1	𝝼.3.4
MW771148.1	𝝼.4.29
JF712585.1	𝝼.30.1
MT271033.1	𝝼.3.9
MN528124.1	𝝼.79
MH238143.1	𝝼.68.8
AB513838.1	𝝼.1.2
JQ993326.1	𝝼.31.1
KJ875799.1	𝝼.19.1
KC686949.1	𝝼.2.13
KX363340.1	𝝼.24.22
KJ752480.1	𝝼.3.87
JN626227.1	𝝼.8.4
AB573076.1	𝝼.1.8
KY113340.1	𝝼.20.1
LC328255.1	𝝼.13.5
KF726063.1	𝝼.3.23
KC769368.1	𝝼.2.36
JF781166.1	𝝼.3.79
KC769467.1	𝝼.2.33
KU292549.1	𝝼.2.25
ON059880.1	𝝼.82
KX814961.1	𝝼.39.4
PV862152.1	𝝼.10.4
MZ097271.1	𝝼.10.5
KP198633.1	𝝼.8.9
LC777958.1	𝝼.3.62
X81427.1	𝝼.8.15
ON807585.1	𝝼.85
MK227395.1	𝝼.74
LC326514.1	𝝼.19.14
PQ452941.1	𝝼.25.17
OM416837.1	𝝼.3.71
LC002015.1	𝝼.2.9
KC580002.1	𝝼.2.8
OQ799885.1	𝝼.3.70
KU292527.1	𝝼.8.5
PV418642.1	𝝼.59.1
KJ482308.1	𝝼.15.3
MH238145.1	𝝼.68.1
KC178737.1	𝝼.2.17
AB924114.1	𝝼.3.31
KJ482302.1	𝝼.24.24
KU361012.1	𝝼.30.2
OR344109.1	𝝼.4.13
KU740004.1	𝝼.9.30
MK597979.1	𝝼.25.15
KU956012.1	𝝼.4.20
PV158737.1	𝝼.20.5
MN066808.1	𝝼.3.1
LC553592.1	𝝼.4.12
LC875919.1	𝝼.25.3
FJ361207.1	𝝼.9.21
PX137298.1	𝝼.3.7
PZ279908.1	𝝼.3.22
MH697654.1	𝝼.25.2
ON989010.1	𝝼.9.31
KU739954.1	𝝼.9.9
PP975118.1	𝝼.9.17
MN066879.1	𝝼.3.1
FJ347130.1	𝝼.21.1
KJ659439.1	𝝼.15.5
LC340018.1	𝝼.1.7
KC149929.1	𝝼.3.59
FN665684.1	𝝼.8.17
MH238140.1	𝝼.68.1
OL989026.1	𝝼.4.11
LC095918.1	𝝼.25.10
KU243461.1	𝝼.49
LC774623.1	𝝼.3.26
OQ440204.1	𝝼.24.42
PX137350.1	𝝼.94
FJ347119.1	𝝼.21.2
MH238139.1	𝝼.68.1
ON807582.1	𝝼.85
KF447847.1	𝝼.9.15
OP680464.1	𝝼.4.14
MH428505.1	𝝼.25.18
MH238146.1	𝝼.69.2
MN649768.1	𝝼.4.36
KJ879456.1	𝝼.41
LC213871.1	𝝼.2.29
LC460229.1	𝝼.6.3
ON205950.1	𝝼.19.6
LC208016.1	𝝼.3.1
PX661134.1	𝝼.8.2
JX567766.1	𝝼.4.44
PZ156478.1	𝝼.3.19
KF447858.1	𝝼.9.15
OL988990.1	𝝼.4.11
GQ149098.1	𝝼.23.3
KF835956.1	𝝼.37
OR168524.1	𝝼.9.14
PP874460.1	𝝼.24.2
LC810938.1	𝝼.4.9
MH238130.1	𝝼.68.2
KJ820877.1	𝝼.2.17
OP903153.1	𝝼.2.14
PQ273720.1	𝝼.91.2
PX661129.1	𝝼.8.2
PP465013.1	𝝼.4.6
PQ133256.1	𝝼.3.54
MK953587.1	𝝼.2.26
MH238123.1	𝝼.68.6
MK597990.1	𝝼.25.15
OM982785.1	𝝼.24.16
HQ714477.1	𝝼.16.4
KX363364.1	𝝼.3.97
LC875941.1	𝝼.25.3
FN870369.1	𝝼.2.11
PX137216.1	𝝼.9.20
MK026443.1	𝝼.3.63
LC119112.1	𝝼.4.28
KU128900.1	𝝼.4.11
KC139787.1	𝝼.3.16
KJ803832.1	𝝼.4.27
LC158124.1	𝝼.59.2
LC553636.1	𝝼.4.12
LC438387.1	𝝼.2.22
PZ488414.1	𝝼.3.25
LC389882.1	𝝼.9.8
KM820678.1	𝝼.24.60
MK953599.1	𝝼.2.26
KF447869.1	𝝼.9.15
KC580464.1	𝝼.32
MN649764.1	𝝼.4.16
MH428508.1	𝝼.3.44
KM820677.1	𝝼.31.2
OR683332.1	𝝼.3.3
AF141917.1	𝝼.8.21
PX137309.1	𝝼.3.7
PP566193.1	𝝼.90.2
PQ452952.1	𝝼.3.81
ON059883.1	𝝼.82
MN433625.1	𝝼.10.3
MN551595.1	𝝼.78
LC553625.1	𝝼.4.9
KU510403.1	𝝼.24.28
AB753500.1	𝝼.2.38
LC055555.1	𝝼.16.5
LC119101.1	𝝼.4.28
MN626418.1	𝝼.16.3
LC876007.1	𝝼.25.3
PZ390154.1	𝝼.3.71
KM820674.1	𝝼.42.1
MN477233.1	𝝼.78
PX677637.1	𝝼.24.4
KC580185.1	𝝼.2.24
HQ661142.1	𝝼.19.13
KF541289.1	𝝼.22.3
KM820676.1	𝝼.42.3
OK087520.1	𝝼.10.8
KX655448.1	𝝼.2.16
MN528111.1	𝝼.78
KJ482307.1	𝝼.15.3
PP003811.1	𝝼.3.18
OL989002.1	𝝼.4.30
MN067452.1	𝝼.4.10
LC467809.1	𝝼.6.3
MT364832.1	𝝼.59.1
KP753187.1	𝝼.45
MH238133.1	𝝼.68.6
KP753003.1	𝝼.45
KU739934.1	𝝼.9.1
MT364876.1	𝝼.59.1
LC876029.1	𝝼.3.50
EF672607.1	𝝼.15.6
KC855058.1	𝝼.24.9
PQ299971.1	𝝼.86.1
PQ581879.1	𝝼.9.18
LC467842.1	𝝼.6.3
PP566183.1	𝝼.3.72
MH428507.1	𝝼.3.40
LC340029.1	𝝼.59.1
